Contestant,Average Points
France,9.88372093
Russia,9.11627907
Australia,6.511627907
Bulgaria,4.069767442
Italy,3.953488372
Spain,3.604651163
Austria,2.976744186
Latvia,2.558139535
Ukraine,2.046511628
Hungary,1.860465116
Sweden,1.837209302
Croatia,1.465116279
Cyprus,1.372093023
Iceland,1.023255814
Serbia,0.976744186
Czech Republic,0.837209302
Azerbaijan,0.813953488
Estonia,0.720930233
Poland,0.651162791
Norway,0.348837209
Armenia,0.302325581
Ireland,0.186046512
Macedonia (FYR),0.139534884
Malta,0.139534884
Lithuania,0.139534884
Slovenia,0.139534884
Israel,0.093023256
Germany,0.093023256
San Marino,0.093023256
Belgium,0.046511628
Albania,0
Belarus,0
Bosnia and Herzegovina,0
Denmark,0
Finland,0
Georgia,0
Greece,0
Moldova,0
Montenegro,0
Netherlands,0
Romania,0
Switzerland,0
United Kingdom,0
