Contestant,Average Points
Italy,11.29545455
Belgium,7.613636364
Sweden,7
France,6.295454545
Estonia,5.5
Portugal,2.772727273
Bulgaria,2.727272727
FYR Macedonia,2.431818182
Israel,2.318181818
Finland,1.454545455
Denmark,0.977272727
Switzerland,0.931818182
Hungary,0.909090909
Australia,0.818181818
Azerbaijan,0.772727273
Norway,0.681818182
Romania,0.409090909
Montenegro,0.386363636
Belarus,0.340909091
Austria,0.318181818
Cyprus,0.295454545
Latvia,0.272727273
United Kingdom,0.272727273
Iceland,0.204545455
Armenia,0.159090909
Croatia,0.136363636
Greece,0.136363636
San Marino,0.113636364
Georgia,0.090909091
Ireland,0.090909091
Poland,0.090909091
Netherlands,0.068181818
Serbia,0.068181818
Czech Republic,0.045454545
