Contestant,Average Points
Malta,8.44
Switzerland,8.33
France,7.40
Lithuania,7.00
Cyprus,5.53
San Marino,5.51
Sweden,2.44
Italy,1.88
Ukraine,1.49
Azerbaijan,1.37
Greece,1.35
Iceland,1.16
Romania,0.91
Finland,0.86
Denmark,0.74
Croatia,0.70
Russia,0.53
Norway,0.44
Moldova,0.40
Israel,0.33
Serbia,0.26
Ireland,0.23
Bulgaria,0.16
Belgium,0.16
Australia,0.09
United Kingdom,0.09
Estonia,0.09
Latvia,0.07
Spain,0.02
Albania,0.00
Austria,0.00
Czech Republic,0.00
Georgia,0.00
Germany,0.00
North Macedonia,0.00
Poland,0.00
Portugal,0.00
Slovenia,0.00
The Netherlands,0.00
