Contestant,Average Points
Sweden,9.14
Italy,9.00
Spain,6.84
The Netherlands,5.07
United Kingdom,4.74
France,4.07
Poland,3.35
Norway,2.79
Albania,2.05
Austria,1.70
Ukraine,1.40
Cyprus,1.37
Estonia,1.26
Serbia,1.23
Greece,0.88
Finland,0.86
Czech Republic,0.81
Australia,0.37
Lithuania,0.26
Portugal,0.21
Latvia,0.16
Moldova,0.14
Croatia,0.09
Belgium,0.05
Germany,0.05
Malta,0.05
Romania,0.05
Switzerland,0.02
Armenia,0.00
Azerbaijan,0.00
Bulgaria,0.00
Denmark,0.00
Georgia,0.00
Iceland,0.00
Ireland,0.00
Israel,0.00
Montenegro,0.00
North Macedonia,0.00
San Marino,0.00
Slovenia,0.00
